<application>
  <component name="DefaultFont">
    <option name="FONT_SIZE" value="14" />
    <option name="FONT_FAMILY" value="Source Code Pro" />
    <option name="LINE_SPACING" value="1.5" />
    <option name="USE_LIGATURES" value="true" />
    <option name="SECONDARY_FONT_FAMILY" value="Menlo" />
  </component>
  <component name="EditorSettings">
    <option name="languageBreadcrumbsMap">
      <map>
        <entry key="JAVA" value="true" />
      </map>
    </option>
    <option name="USE_SOFT_WRAPS" value="CONSOLE" />
    <option name="ARE_LINE_NUMBERS_SHOWN" value="false" />
    <option name="SHOW_BREADCRUMBS_ABOVE" value="true" />
    <option name="IS_INDENT_GUIDES_SHOWN" value="false" />
    <option name="IS_WHEEL_FONTCHANGE_ENABLED" value="true" />
    <option name="BIDI_TEXT_DIRECTION" value="LTR" />
  </component>
  <component name="XmlEditorOptions">
    <option name="showCssInlineColorPreview" value="true" />
  </component>
</application>