<application>
  <component name="FileTypeManager" version="17">
    <extensionMap>
      <mapping pattern="dockerfile" type="PLAIN_TEXT" />
      <mapping pattern="test_pusher" type="PLAIN_TEXT" />
      <mapping pattern="alias" type="PLAIN_TEXT" />
      <mapping pattern="demo" type="PLAIN_TEXT" />
      <mapping pattern="deploy-plus" type="PLAIN_TEXT" />
      <mapping pattern="pandora-question-old" type="PLAIN_TEXT" />
      <mapping pattern="pandora-question-new" type="PLAIN_TEXT" />
      <mapping pattern="lol" type="PLAIN_TEXT" />
      <mapping pattern="file" type="PLAIN_TEXT" />
      <mapping pattern="pandora-question-max-word" type="PLAIN_TEXT" />
      <mapping pattern="test-pusher.sh" type="PLAIN_TEXT" />
      <mapping pattern="pandora-duplicate-temp" type="PLAIN_TEXT" />
      <mapping ext="text" type="PLAIN_TEXT" />
      <mapping ext="yuml" type="PLAIN_TEXT" />
      <removed_mapping ext="se" approved="true" type="PROTO" />
      <removed_mapping ext="proto" approved="true" type="PLAIN_TEXT" />
    </extensionMap>
  </component>
</application>