<application>
  <component name="MaterialThemeConfig">
    <option name="allowDataCollection" value="true" />
    <option name="compactDropdowns" value="true" />
    <option name="compactSidebar" value="true" />
    <option name="isCompactMenus" value="true" />
    <option name="isCompactTables" value="true" />
    <option name="isContrastMode" value="true" />
    <option name="isWizardShown" value="true" />
    <option name="statusBarTheme" value="false" />
    <option name="useMaterialIcons" value="false" />
    <option name="useProjectViewDecorators" value="false" />
    <option name="tabOpacity" value="49" />
    <option name="accentColor" value="546e7a" />
    <option name="highlightColor" value="80cbc4" />
    <option name="userId" value="-410aee99:164834f69ee:-7fff" />
    <option name="version" value="3.10.0" />
    <option name="tabHighlightPosition" value="Full" />
  </component>
</application>