<application>
  <component name="GitRememberedInputs">
    <option name="visitedUrls">
      <list>
        <UrlAndUserName>
          <option name="url" value="https://gitee.com/zhengyiLove/YuePaoShenQi.git" />
          <option name="userName" value="" />
        </UrlAndUserName>
        <UrlAndUserName>
          <option name="url" value="git@gitee.com:zhengyiLove/test.git" />
          <option name="userName" value="" />
        </UrlAndUserName>
        <UrlAndUserName>
          <option name="url" value="http://gitee.com" />
          <option name="userName" value="125964590@qq.com" />
        </UrlAndUserName>
        <UrlAndUserName>
          <option name="url" value="https://gitee.com/shuzheng/zheng.git" />
          <option name="userName" value="" />
        </UrlAndUserName>
        <UrlAndUserName>
          <option name="url" value="https://gitee.com/dgsai/JiYuSpring-Security-OAuth2DeWeiXinWangYeDengLu.git" />
          <option name="userName" value="" />
        </UrlAndUserName>
        <UrlAndUserName>
          <option name="url" value="git@123.103.86.53:tiku/essay.git" />
          <option name="userName" value="" />
        </UrlAndUserName>
        <UrlAndUserName>
          <option name="url" value="git@123.103.86.53:tiku/tiku-essay-app.git" />
          <option name="userName" value="" />
        </UrlAndUserName>
        <UrlAndUserName>
          <option name="url" value="git@123.103.86.53:zhuantiku/ztk-user-parent.git" />
          <option name="userName" value="" />
        </UrlAndUserName>
        <UrlAndUserName>
          <option name="url" value="http://github.com" />
          <option name="userName" value="125964590@qq.com" />
        </UrlAndUserName>
        <UrlAndUserName>
          <option name="url" value="http://git.100tal.com" />
          <option name="userName" value="zhengyi5" />
        </UrlAndUserName>
        <UrlAndUserName>
          <option name="url" value="http://10.1.2.202" />
          <option name="userName" value="yi5.zheng" />
        </UrlAndUserName>
      </list>
    </option>
    <option name="cloneParentDir" value="C:\Users\郑毅\Desktop\华图工作\UserWebServer" />
  </component>
</application>