<application>
  <component name="AppStorage">
    <histories>
      <item value="dog" />
      <item value="checker" />
      <item value="asyn Send Message" />
      <item value="and Equal To" />
      <item value="batch Deal Adoption" />
      <item value="deal Adoption" />
      <item value="channel Read Complete" />
      <item value="Inactive" />
      <item value="Initializer" />
      <item value="ready State" />
      <item value="pre-receive hook declined" />
      <item value="File Service Impl" />
      <item value="Ailab Paas Account" />
      <item value="Oss File Options" />
      <item value="get Config By Name" />
      <item value="Deprecated" />
      <item value="Progress Listener" />
      <item value="t" />
      <item value="multipart Upload File" />
      <item value="effecttive Days" />
      <item value="get Bytes" />
      <item value="file Content" />
      <item value="effecttive" />
      <item value="i" />
      <item value="Conditional On Missing Bean" />
      <item value="Filter Definition" />
      <item value="Validated" />
      <item value="Nested Configuration Property" />
      <item value="Enable Circuit Breaker" />
      <item value="Invalid Argument" />
      <item value="DEFAULT CNAME EXCLUDE LIST" />
      <item value="Default Credential Provider" />
      <item value="Uses the specified OSS Endpoint and Access Id/Access Key to create a new" />
      <item value="do Operation" />
      <item value="assert Parameter Not Null" />
      <item value="send Request" />
      <item value=". Preprocess HTTP request." />
      <item value="Preprocess HTTP response." />
      <item value="Send HTTP request to OSS." />
      <item value="Preprocess" />
      <item value="standard" />
      <item value="Method Not Allowed" />
      <item value="DEFAULT USER AGENT" />
      <item value="enable Path Style Access" />
      <item value="Endpoint Configuration" />
      <item value="with Credentials" />
      <item value="is Request Timeout Enabled" />
      <item value="Security Token from STS." />
      <item value="get Bucket Acl" />
      <item value="Please select a different name and try again." />
    </histories>
    <option name="languageScores">
      <map>
        <entry key="CHINESE" value="7756" />
        <entry key="ENGLISH" value="7342" />
        <entry key="FRENCH" value="180" />
        <entry key="PORTUGUESE" value="21" />
        <entry key="SPANISH" value="18" />
      </map>
    </option>
  </component>
  <component name="Settings">
    <option name="ignoreRegExp" value="" />
    <option name="overrideFont" value="true" />
    <option name="phoneticFontFamily" value="YuGothic" />
    <option name="primaryFontFamily" value="Andale Mono" />
    <option name="translator" value="ai.youdao" />
    <option name="youdaoTranslateSettings">
      <youdao-translate>
        <option name="appId" value="6467b29a30d760d2" />
        <option name="appKeyConfigured" value="true" />
        <option name="primaryLanguage" value="CHINESE" />
      </youdao-translate>
    </option>
  </component>
</application>